Clapeyron Estimator ,,,
[method=partial_SO2],,,
T,w,loading,out_partial
293,0.3,0.0682684,13289
293,0.3,0.0974445,26577
293,0.3,0.127383,39866
293,0.3,0.192887,53154
293,0.3,0.238081,67945
313,0.3,0.0570175,13289
313,0.3,0.0917237,26577
313,0.3,0.106216,39866
313,0.3,0.160946,53154
313,0.3,0.198703,67945
333,0.3,0.0475781,13289
333,0.3,0.0765636,26577
333,0.3,0.0885773,39866
333,0.3,0.134248,53154
333,0.3,0.165808,67945
